{
  "version": 1,
  "author": "Anonymous maker",
  "editor": "wokwi",
  "parts": [
    { "type": "wokwi-arduino-uno", "id": "uno", "top": 0, "left": 0, "attrs": {} },
    {
      "type": "wokwi-resistor",
      "id": "r5",
      "top": -72,
      "left": 172.25,
      "rotate": 90,
      "attrs": { "value": "1000" }
    },
    {
      "type": "wokwi-led",
      "id": "led1",
      "top": -147.6,
      "left": 61.4,
      "attrs": { "color": "cyan" }
    },
    {
      "type": "wokwi-led",
      "id": "led2",
      "top": -147.6,
      "left": 90.2,
      "attrs": { "color": "green" }
    },
    {
      "type": "wokwi-led",
      "id": "led3",
      "top": -147.6,
      "left": 119,
      "attrs": { "color": "yellow" }
    },
    {
      "type": "wokwi-led",
      "id": "led4",
      "top": -147.6,
      "left": 147.8,
      "attrs": { "color": "orange" }
    },
    {
      "type": "wokwi-led",
      "id": "led5",
      "top": -147.6,
      "left": 176.6,
      "attrs": { "color": "red" }
    },
    {
      "type": "wokwi-led",
      "id": "led6",
      "top": -147.6,
      "left": 32.6,
      "attrs": { "color": "blue" }
    },
    {
      "type": "wokwi-led",
      "id": "led7",
      "top": -147.6,
      "left": 3.8,
      "attrs": { "color": "purple" }
    },
    {
      "type": "wokwi-resistor",
      "id": "r3",
      "top": -72,
      "left": -0.55,
      "rotate": 90,
      "attrs": { "value": "1000" }
    },
    {
      "type": "wokwi-resistor",
      "id": "r4",
      "top": -72,
      "left": 28.25,
      "rotate": 90,
      "attrs": { "value": "1000" }
    },
    {
      "type": "wokwi-resistor",
      "id": "r6",
      "top": -72,
      "left": 57.05,
      "rotate": 90,
      "attrs": { "value": "1000" }
    },
    {
      "type": "wokwi-resistor",
      "id": "r7",
      "top": -72,
      "left": 85.85,
      "rotate": 90,
      "attrs": { "value": "1000" }
    },
    {
      "type": "wokwi-resistor",
      "id": "r8",
      "top": -72,
      "left": 114.65,
      "rotate": 90,
      "attrs": { "value": "1000" }
    },
    {
      "type": "wokwi-resistor",
      "id": "r9",
      "top": -72,
      "left": 143.45,
      "rotate": 90,
      "attrs": { "value": "1000" }
    },
    {
      "type": "wokwi-pushbutton",
      "id": "btn1",
      "top": -67.3,
      "left": 262.7,
      "rotate": 90,
      "attrs": { "color": "yellow" }
    }
  ],
  "connections": [
    [ "uno:3", "btn1:2.r", "yellow", [ "v0" ] ],
    [ "btn1:1.r", "uno:GND.2", "black", [ "v211.4", "h-124.8" ] ],
    [ "uno:5", "r5:2", "red", [ "v0" ] ],
    [ "uno:6", "r9:2", "orange", [ "v-28.2", "h-25.7" ] ],
    [ "uno:7", "r8:2", "gold", [ "v-18.6", "h-45" ] ],
    [ "uno:8", "r7:2", "green", [ "v-9", "h-57.8", "v-9.6" ] ],
    [ "uno:9", "r6:2", "cyan", [ "v-9", "h-76.6" ] ],
    [ "uno:10", "r4:2", "blue", [ "v-18.6", "h-95.9", "v-19.2" ] ],
    [ "r3:2", "uno:11", "purple", [ "v18", "h115.2" ] ],
    [ "r5:1", "led5:A", "green", [ "h0" ] ],
    [ "r9:1", "led4:A", "green", [ "h0" ] ],
    [ "r8:1", "led3:A", "green", [ "h0" ] ],
    [ "r7:1", "led2:A", "green", [ "h0" ] ],
    [ "r6:1", "led1:A", "green", [ "h0" ] ],
    [ "r4:1", "led6:A", "green", [ "h0" ] ],
    [ "r3:1", "led7:A", "green", [ "h0" ] ],
    [ "uno:GND.1", "led7:C", "black", [ "v-9", "h-115.5" ] ],
    [ "led7:C", "led6:C", "black", [ "v0" ] ],
    [ "led6:C", "led1:C", "black", [ "v0" ] ],
    [ "led1:C", "led2:C", "black", [ "v0" ] ],
    [ "led2:C", "led3:C", "black", [ "v0" ] ],
    [ "led3:C", "led4:C", "black", [ "v0" ] ],
    [ "led4:C", "led5:C", "black", [ "v0" ] ]
  ],
  "dependencies": {}
}